{"nodes": [{"id": 0, "weight": 625.0, "cluster": 0.0, "uncertainty_mean": 0.4961832061068703, "uncertainty_std": 0.02159104675378771}, {"id": 1, "weight": 625.0, "cluster": 0.0, "uncertainty_mean": 0.4809160305343511, "uncertainty_std": 0.10795523376893854}], "links": [{"source": 0, "target": 1, "weight": 50.0, "mean": 50.0, "std": 0.0}]}