{"nodes": [{"id": 0, "weight": 625.0, "cluster": 0.0, "uncertainty_mean": 24.55684659036276, "uncertainty_std": 2.5068542484834557}, {"id": 1, "weight": 625.0, "cluster": 0.0, "uncertainty_mean": 24.3996354163935, "uncertainty_std": 3.3961749460191437}], "links": [{"source": 0, "target": 1, "weight": 50.0, "mean": 50.0, "std": 0.0}]}