{"nodes": [{"id": 0, "weight": 50, "cluster": 0.0, "uncertainty_mean": 0.48634998634998633, "uncertainty_std": 0.06652193792525914}, {"id": 1, "weight": 50, "cluster": 0.0, "uncertainty_mean": 0.49317499317499314, "uncertainty_std": 0.03326096896262957}], "links": [{"source": 0, "target": 1, "weight": 50.0, "mean": 50.0, "std": 0.0}]}