{"nodes": [{"id": 0, "weight": 625.0, "cluster": 0.0, "uncertainty_mean": 0.49488124488124485, "uncertainty_std": 0.02895605164564076}, {"id": 1, "weight": 625.0, "cluster": 0.0, "uncertainty_mean": 0.48976248976248976, "uncertainty_std": 0.057912103291281526}], "links": [{"source": 0, "target": 1, "weight": 50.0, "mean": 50.0, "std": 0.0}]}