{"nodes": [{"id": 0, "size": 50, "stability:": 49.000000000000014}, {"id": 1, "size": 50, "stability:": 48.24999999999999}], "edges": [{"source": 0, "target": 1, "instability": 0.7499999999999998}]}