{"nodes": [{"id": 0, "size": 25, "stability:": 24.000000000000007}, {"id": 1, "size": 75, "stability:": 41.66666666666664}], "edges": [{"source": 0, "target": 1, "instability": 14.000744027848418}]}