{"nodes": [{"id": 0, "size": 50, "stability:": 1.0000000000000007}, {"id": 1, "size": 50, "stability:": 0.9849999999999997}], "edges": [{"source": 0, "target": 1, "instability": 0.014999999999999998}]}